standing,player_name,deck_code,card_name_jp,set_code,card_number,count,category
1,,kfF5VV-EpPYgW-fVkFkb,ケーシィ,M1S,,4,Pokemon
1,,kfF5VV-EpPYgW-fVkFkb,ユンゲラー,M1S,,4,Pokemon
1,,kfF5VV-EpPYgW-fVkFkb,フーディン,M1S,,3,Pokemon
1,,kfF5VV-EpPYgW-fVkFkb,ノコッチ,SV9,,3,Pokemon
1,,kfF5VV-EpPYgW-fVkFkb,ノココッチ,SV5K,,3,Pokemon
1,,kfF5VV-EpPYgW-fVkFkb,キチキギスex,SVN,,1,Pokemon
1,,kfF5VV-EpPYgW-fVkFkb,シェイミ,MA,,1,Pokemon
1,,kfF5VV-EpPYgW-fVkFkb,コダック,,,1,Pokemon
1,,kfF5VV-EpPYgW-fVkFkb,なかよしポフィン,SV5K,,4,Trainer
1,,kfF5VV-EpPYgW-fVkFkb,ポケパッド,,,4,Trainer
1,,kfF5VV-EpPYgW-fVkFkb,ふしぎなアメ,MA,,3,Trainer
1,,kfF5VV-EpPYgW-fVkFkb,夜のタンカ,MBD,,1,Trainer
1,,kfF5VV-EpPYgW-fVkFkb,改造ハンマー,SV8a,,2,Trainer
1,,kfF5VV-EpPYgW-fVkFkb,ワンダーパッチ,MBD,,1,Trainer
1,,kfF5VV-EpPYgW-fVkFkb,せいなるはい,M2a,,1,Trainer
1,,kfF5VV-EpPYgW-fVkFkb,トウコ,SV11W,,4,Trainer
1,,kfF5VV-EpPYgW-fVkFkb,ヒカリ,M2,,4,Trainer
1,,kfF5VV-EpPYgW-fVkFkb,ボスの指令,SVHM,,3,Trainer
1,,kfF5VV-EpPYgW-fVkFkb,スイレンのお世話,MC,,1,Trainer
1,,kfF5VV-EpPYgW-fVkFkb,ビワ,SV5K,,1,Trainer
1,,kfF5VV-EpPYgW-fVkFkb,バトルコロシアム,M2,,4,Trainer
1,,kfF5VV-EpPYgW-fVkFkb,リッチエネルギー,SV7a,,1,Energy
1,,kfF5VV-EpPYgW-fVkFkb,テレパス超エネルギー,M3,,4,Energy
1,,kfF5VV-EpPYgW-fVkFkb,基本超エネルギー,ENE,,2,Energy
2,,x8848G-x86vd6-DcKcxD,マリィのベロバー,SVOM,,4,Pokemon
2,,x8848G-x86vd6-DcKcxD,マリィのギモー,SVOM,,2,Pokemon
2,,x8848G-x86vd6-DcKcxD,マリィのオーロンゲex,SVOM,,3,Pokemon
2,,x8848G-x86vd6-DcKcxD,ユキワラシ,M2a,,2,Pokemon
2,,x8848G-x86vd6-DcKcxD,ユキメノコ,SV6,,2,Pokemon
2,,x8848G-x86vd6-DcKcxD,マシマシラ,SV8a,,4,Pokemon
2,,x8848G-x86vd6-DcKcxD,スボミー,SV8a,,1,Pokemon
2,,x8848G-x86vd6-DcKcxD,イベルタル,M1L,,1,Pokemon
2,,x8848G-x86vd6-DcKcxD,なかよしポフィン,SVOD,,3,Trainer
2,,x8848G-x86vd6-DcKcxD,ポケパッド,,,4,Trainer
2,,x8848G-x86vd6-DcKcxD,夜のタンカ,SVN,,2,Trainer
2,,x8848G-x86vd6-DcKcxD,ふしぎなアメ,SVOD,,3,Trainer
2,,x8848G-x86vd6-DcKcxD,アンフェアスタンプ(ACE SPEC),MC,,1,Trainer
2,,x8848G-x86vd6-DcKcxD,スペシャルレッドカード,M4,,1,Trainer
2,,x8848G-x86vd6-DcKcxD,ふうせん,SV11B,,1,Trainer
2,,x8848G-x86vd6-DcKcxD,リーリエの決心,MA,,4,Trainer
2,,x8848G-x86vd6-DcKcxD,ボスの指令,SVOD,,3,Trainer
2,,x8848G-x86vd6-DcKcxD,ロケット団のラムダ,SV10,,4,Trainer
2,,x8848G-x86vd6-DcKcxD,アオキの手際,MC,,2,Trainer
2,,x8848G-x86vd6-DcKcxD,スパイクタウンジム,SVOM,,4,Trainer
2,,x8848G-x86vd6-DcKcxD,基本悪エネルギー,ENE,,9,Energy
3,,cY8888-EQzq2O-ccDKcG,イシズマイ,SV9a,,3,Pokemon
3,,cY8888-EQzq2O-ccDKcG,イワパレス,SV9a,,3,Pokemon
3,,cY8888-EQzq2O-ccDKcG,マシマシラ,SV8a,,4,Pokemon
3,,cY8888-EQzq2O-ccDKcG,コダック,,,1,Pokemon
3,,cY8888-EQzq2O-ccDKcG,シェイミ,MA,,1,Pokemon
3,,cY8888-EQzq2O-ccDKcG,キチキギス,MC,,2,Pokemon
3,,cY8888-EQzq2O-ccDKcG,なかよしポフィン,SVN,,2,Trainer
3,,cY8888-EQzq2O-ccDKcG,ポケパッド,M3,,4,Trainer
3,,cY8888-EQzq2O-ccDKcG,夜のタンカ,SV8a,,2,Trainer
3,,cY8888-EQzq2O-ccDKcG,ポケギア3.0,SVLS,,4,Trainer
3,,cY8888-EQzq2O-ccDKcG,ジャンボアイス,M2,,1,Trainer
3,,cY8888-EQzq2O-ccDKcG,ヒーローマント(ACE SPEC),MC,,1,Trainer
3,,cY8888-EQzq2O-ccDKcG,ウタンのみ,SV7,,1,Trainer
3,,cY8888-EQzq2O-ccDKcG,ボスの指令,SVM,,4,Trainer
3,,cY8888-EQzq2O-ccDKcG,リーリエの決心,MBD,,4,Trainer
3,,cY8888-EQzq2O-ccDKcG,アカマツ,SV8a,,3,Trainer
3,,cY8888-EQzq2O-ccDKcG,マツバの確信,MC,,2,Trainer
3,,cY8888-EQzq2O-ccDKcG,スイレンのお世話,SV8a,,1,Trainer
3,,cY8888-EQzq2O-ccDKcG,ロケット団のラムダ,M2a,,1,Trainer
3,,cY8888-EQzq2O-ccDKcG,クセロシキのたくらみ,SV6a,,1,Trainer
3,,cY8888-EQzq2O-ccDKcG,アクロマの執念,SV8a,,1,Trainer
3,,cY8888-EQzq2O-ccDKcG,ロケット団の監視塔,M2a,,1,Trainer
3,,cY8888-EQzq2O-ccDKcG,ミストエネルギー,SVN,,3,Energy
3,,cY8888-EQzq2O-ccDKcG,グロウ草エネルギー,M3,,2,Energy
3,,cY8888-EQzq2O-ccDKcG,基本草エネルギー,ENE,,2,Energy
3,,cY8888-EQzq2O-ccDKcG,基本超エネルギー,ENE,,2,Energy
3,,cY8888-EQzq2O-ccDKcG,基本悪エネルギー,ENE,,4,Energy
4,,g9PLHn-Vqy7Lt-g9HNgN,ロケット団のミュウツーex,SV10,,2,Pokemon
4,,g9PLHn-Vqy7Lt-g9HNgN,ロケット団のタマンチュラ,SV10,,4,Pokemon
4,,g9PLHn-Vqy7Lt-g9HNgN,ロケット団のワナイダー,SV10,,4,Pokemon
4,,g9PLHn-Vqy7Lt-g9HNgN,ロケット団のミミッキュ,SV10,,2,Pokemon
4,,g9PLHn-Vqy7Lt-g9HNgN,ロケット団のフリーザー,SV10,,2,Pokemon
4,,g9PLHn-Vqy7Lt-g9HNgN,ロケット団のニューラ,MC,,1,Pokemon
4,,g9PLHn-Vqy7Lt-g9HNgN,リーリエのピッピex,SV9,,1,Pokemon
4,,g9PLHn-Vqy7Lt-g9HNgN,ハイパーボール,SVOD,,4,Trainer
4,,g9PLHn-Vqy7Lt-g9HNgN,ロケット団のレシーバー,SV10,,4,Trainer
4,,g9PLHn-Vqy7Lt-g9HNgN,むしとりセット,MC,,3,Trainer
4,,g9PLHn-Vqy7Lt-g9HNgN,エネルギーつけかえ,SVM,,1,Trainer
4,,g9PLHn-Vqy7Lt-g9HNgN,夜のタンカ,SVN,,2,Trainer
4,,g9PLHn-Vqy7Lt-g9HNgN,ブレイブバングル,MC,,1,Trainer
4,,g9PLHn-Vqy7Lt-g9HNgN,マキシマムベルト(ACE SPEC),SV8a,,1,Trainer
4,,g9PLHn-Vqy7Lt-g9HNgN,ロケット団のアテナ,SV10,,2,Trainer
4,,g9PLHn-Vqy7Lt-g9HNgN,ロケット団のサカキ,SV10,,3,Trainer
4,,g9PLHn-Vqy7Lt-g9HNgN,ロケット団のランス,SV10,,2,Trainer
4,,g9PLHn-Vqy7Lt-g9HNgN,ロケット団のアポロ,SV10,,3,Trainer
4,,g9PLHn-Vqy7Lt-g9HNgN,ロケット団のラムダ,SV10,,1,Trainer
4,,g9PLHn-Vqy7Lt-g9HNgN,リーリエの決心,,,3,Trainer
4,,g9PLHn-Vqy7Lt-g9HNgN,ロケット団のファクトリー,SV10,,3,Trainer
4,,g9PLHn-Vqy7Lt-g9HNgN,ロケット団エネルギー,SV10,,4,Energy
4,,g9PLHn-Vqy7Lt-g9HNgN,基本草エネルギー,ENE,,7,Energy
5,,Yxc8xK-m1xncx-GDDcJ4,イイネイヌ,MC,,3,Pokemon
5,,Yxc8xK-m1xncx-GDDcJ4,カメテテ,M3,,2,Pokemon
5,,Yxc8xK-m1xncx-GDDcJ4,ガメノデス,M3,,2,Pokemon
5,,Yxc8xK-m1xncx-GDDcJ4,ソルロック,MC,,3,Pokemon
5,,Yxc8xK-m1xncx-GDDcJ4,ルナトーン,MC,,2,Pokemon
5,,Yxc8xK-m1xncx-GDDcJ4,ガチグマ アカツキ,MC,,1,Pokemon
5,,Yxc8xK-m1xncx-GDDcJ4,ファイヤー,M2,,1,Pokemon
5,,Yxc8xK-m1xncx-GDDcJ4,オーガポン いしずえのめんex,MC,,1,Pokemon
5,,Yxc8xK-m1xncx-GDDcJ4,マシマシラ,MC,,1,Pokemon
5,,Yxc8xK-m1xncx-GDDcJ4,ファイトゴング,MC,,4,Trainer
5,,Yxc8xK-m1xncx-GDDcJ4,ポケパッド,M3,,4,Trainer
5,,Yxc8xK-m1xncx-GDDcJ4,夜のタンカ,MC,,2,Trainer
5,,Yxc8xK-m1xncx-GDDcJ4,ポケギア3.0,SV11B,,1,Trainer
5,,Yxc8xK-m1xncx-GDDcJ4,エネルギー回収,MC,,1,Trainer
5,,Yxc8xK-m1xncx-GDDcJ4,スペシャルレッドカード,M4,,2,Trainer
5,,Yxc8xK-m1xncx-GDDcJ4,ふうせん,MC,,2,Trainer
5,,Yxc8xK-m1xncx-GDDcJ4,リーリエの決心,,,4,Trainer
5,,Yxc8xK-m1xncx-GDDcJ4,ボスの指令,SVM,,3,Trainer
5,,Yxc8xK-m1xncx-GDDcJ4,タラゴン,M3,,2,Trainer
5,,Yxc8xK-m1xncx-GDDcJ4,マツバの確信,MC,,3,Trainer
5,,Yxc8xK-m1xncx-GDDcJ4,バトルコロシアム,M2,,2,Trainer
5,,Yxc8xK-m1xncx-GDDcJ4,レガシーエネルギー,SVN,,1,Energy
5,,Yxc8xK-m1xncx-GDDcJ4,プリズムエネルギー,MC,,4,Energy
5,,Yxc8xK-m1xncx-GDDcJ4,基本闘エネルギー,ENE,,9,Energy
8,,fkv5Vk-vQQ1oP-VbwbFk,ドラメシヤ,SV6,,4,Pokemon
8,,fkv5Vk-vQQ1oP-VbwbFk,ドロンチ,SV6,,4,Pokemon
8,,fkv5Vk-vQQ1oP-VbwbFk,ドラパルトex,SV6,,2,Pokemon
8,,fkv5Vk-vQQ1oP-VbwbFk,アチャモ,SV10,,2,Pokemon
8,,fkv5Vk-vQQ1oP-VbwbFk,ワカシャモ,SV10,,1,Pokemon
8,,fkv5Vk-vQQ1oP-VbwbFk,バシャーモex,SVM,,2,Pokemon
8,,fkv5Vk-vQQ1oP-VbwbFk,マシマシラ,SV8a,,2,Pokemon
8,,fkv5Vk-vQQ1oP-VbwbFk,イーユイ,SV5a,,1,Pokemon
8,,fkv5Vk-vQQ1oP-VbwbFk,スボミー,SV8a,,1,Pokemon
8,,fkv5Vk-vQQ1oP-VbwbFk,シェイミ,SV9a,,1,Pokemon
8,,fkv5Vk-vQQ1oP-VbwbFk,リーリエのピッピex,MC,,1,Pokemon
8,,fkv5Vk-vQQ1oP-VbwbFk,ニャースex,M3,,1,Pokemon
8,,fkv5Vk-vQQ1oP-VbwbFk,キチキギスex,SV6a,,1,Pokemon
8,,fkv5Vk-vQQ1oP-VbwbFk,なかよしポフィン,SV5K,,4,Trainer
8,,fkv5Vk-vQQ1oP-VbwbFk,ポケパッド,M3,,3,Trainer
8,,fkv5Vk-vQQ1oP-VbwbFk,ハイパーボール,SVHM,,4,Trainer
8,,fkv5Vk-vQQ1oP-VbwbFk,ふしぎなアメ,SVHM,,2,Trainer
8,,fkv5Vk-vQQ1oP-VbwbFk,夜のタンカ,SV6a,,1,Trainer
8,,fkv5Vk-vQQ1oP-VbwbFk,スペシャルレッドカード,M4,,1,Trainer
8,,fkv5Vk-vQQ1oP-VbwbFk,アンフェアスタンプ(ACE SPEC),MC,,1,Trainer
8,,fkv5Vk-vQQ1oP-VbwbFk,リーリエの決心,MA,,4,Trainer
8,,fkv5Vk-vQQ1oP-VbwbFk,ボスの指令,SVHM,,3,Trainer
8,,fkv5Vk-vQQ1oP-VbwbFk,ヒカリ,M2,,2,Trainer
8,,fkv5Vk-vQQ1oP-VbwbFk,アカマツ,SVK,,2,Trainer
8,,fkv5Vk-vQQ1oP-VbwbFk,ロケット団の監視塔,SV10,,1,Trainer
8,,fkv5Vk-vQQ1oP-VbwbFk,危ない廃墟,M1L,,1,Trainer
8,,fkv5Vk-vQQ1oP-VbwbFk,基本炎エネルギー,ENE,,3,Energy
8,,fkv5Vk-vQQ1oP-VbwbFk,基本超エネルギー,ENE,,3,Energy
8,,fkv5Vk-vQQ1oP-VbwbFk,基本悪エネルギー,ENE,,2,Energy
9,,PN9Pgn-wy2SiL-giLgQN,エレズン,M2,,4,Pokemon
9,,PN9Pgn-wy2SiL-giLgQN,ストリンダー,M2,,4,Pokemon
9,,PN9Pgn-wy2SiL-giLgQN,メガアブソルex,M1L,,1,Pokemon
9,,PN9Pgn-wy2SiL-giLgQN,アラブルタケ,SV6,,1,Pokemon
9,,PN9Pgn-wy2SiL-giLgQN,マシマシラ,SV8a,,3,Pokemon
9,,PN9Pgn-wy2SiL-giLgQN,モモワロウex,SV8a,,1,Pokemon
9,,PN9Pgn-wy2SiL-giLgQN,キチキギスex,MA,,1,Pokemon
9,,PN9Pgn-wy2SiL-giLgQN,モモワロウ,SV8,,1,Pokemon
9,,PN9Pgn-wy2SiL-giLgQN,シェイミ,MA,,1,Pokemon
9,,PN9Pgn-wy2SiL-giLgQN,なかよしポフィン,SVOD,,1,Trainer
9,,PN9Pgn-wy2SiL-giLgQN,ハイパーボール,SVOD,,1,Trainer
9,,PN9Pgn-wy2SiL-giLgQN,ポケパッド,,,4,Trainer
9,,PN9Pgn-wy2SiL-giLgQN,エネルギーつけかえ,SVM,,2,Trainer
9,,PN9Pgn-wy2SiL-giLgQN,夜のタンカ,MBD,,2,Trainer
9,,PN9Pgn-wy2SiL-giLgQN,ポケギア3.0,SV11B,,2,Trainer
9,,PN9Pgn-wy2SiL-giLgQN,ロケット団のレシーバー,MC,,2,Trainer
9,,PN9Pgn-wy2SiL-giLgQN,エネルギーリサイクル,MC,,1,Trainer
9,,PN9Pgn-wy2SiL-giLgQN,スペシャルレッドカード,M4,,1,Trainer
9,,PN9Pgn-wy2SiL-giLgQN,シークレットボックス(ACE SPEC),SV6,,1,Trainer
9,,PN9Pgn-wy2SiL-giLgQN,ふうせん,MBD,,2,Trainer
9,,PN9Pgn-wy2SiL-giLgQN,リーリエの決心,MBD,,4,Trainer
9,,PN9Pgn-wy2SiL-giLgQN,ロケット団のラムダ,MC,,4,Trainer
9,,PN9Pgn-wy2SiL-giLgQN,ボスの指令,SVOD,,3,Trainer
9,,PN9Pgn-wy2SiL-giLgQN,ロケット団のファクトリー,M2a,,1,Trainer
9,,PN9Pgn-wy2SiL-giLgQN,ロケット団の監視塔,M2a,,1,Trainer
9,,PN9Pgn-wy2SiL-giLgQN,基本悪エネルギー,ENE,,11,Energy
10,,FbfFVk-QyCAqO-kdFVkf,ドラメシヤ,SV6,,4,Pokemon
10,,FbfFVk-QyCAqO-kdFVkf,ドロンチ,SV6,,4,Pokemon
10,,FbfFVk-QyCAqO-kdFVkf,ドラパルトex,SV6,,3,Pokemon
10,,FbfFVk-QyCAqO-kdFVkf,キチキギスex,SV6a,,1,Pokemon
10,,FbfFVk-QyCAqO-kdFVkf,ラティアスex,SV7a,,1,Pokemon
10,,FbfFVk-QyCAqO-kdFVkf,ニャースex,M3,,1,Pokemon
10,,FbfFVk-QyCAqO-kdFVkf,スボミー,SV8a,,2,Pokemon
10,,FbfFVk-QyCAqO-kdFVkf,マシマシラ,SV8a,,2,Pokemon
10,,FbfFVk-QyCAqO-kdFVkf,シェイミ,SV9a,,1,Pokemon
10,,FbfFVk-QyCAqO-kdFVkf,ファイヤー,M2,,1,Pokemon
10,,FbfFVk-QyCAqO-kdFVkf,なかよしポフィン,SV5K,,4,Trainer
10,,FbfFVk-QyCAqO-kdFVkf,ポケパッド,M3,,4,Trainer
10,,FbfFVk-QyCAqO-kdFVkf,ハイパーボール,SVHM,,4,Trainer
10,,FbfFVk-QyCAqO-kdFVkf,夜のタンカ,SV6a,,2,Trainer
10,,FbfFVk-QyCAqO-kdFVkf,スペシャルレッドカード,M4,,1,Trainer
10,,FbfFVk-QyCAqO-kdFVkf,アンフェアスタンプ(ACE SPEC),MA,,1,Trainer
10,,FbfFVk-QyCAqO-kdFVkf,リーリエの決心,MA,,4,Trainer
10,,FbfFVk-QyCAqO-kdFVkf,ボスの指令,SVHM,,3,Trainer
10,,FbfFVk-QyCAqO-kdFVkf,ヒカリ,M2,,1,Trainer
10,,FbfFVk-QyCAqO-kdFVkf,アカマツ,SVK,,2,Trainer
10,,FbfFVk-QyCAqO-kdFVkf,タケシのスカウト,SV9,,1,Trainer
10,,FbfFVk-QyCAqO-kdFVkf,メイのはげまし,M3,,1,Trainer
10,,FbfFVk-QyCAqO-kdFVkf,ロケット団の監視塔,SV10,,1,Trainer
10,,FbfFVk-QyCAqO-kdFVkf,危ない廃墟,M1L,,2,Trainer
10,,FbfFVk-QyCAqO-kdFVkf,基本炎エネルギー,ENE,,3,Energy
10,,FbfFVk-QyCAqO-kdFVkf,基本超エネルギー,ENE,,3,Energy
10,,FbfFVk-QyCAqO-kdFVkf,基本悪エネルギー,ENE,,2,Energy
10,,FbfFVk-QyCAqO-kdFVkf,プリズムエネルギー,MC,,1,Energy
11,,yXyyRp-w9T38b-UpESXp,オーガポン みどりのめんex,SV6,,3,Pokemon
11,,yXyyRp-w9T38b-UpESXp,オーガポン いどのめんex,SV8a,,2,Pokemon
11,,yXyyRp-w9T38b-UpESXp,リーリエのピッピex,SV9,,2,Pokemon
11,,yXyyRp-w9T38b-UpESXp,メガガルーラex,M1S,,2,Pokemon
11,,yXyyRp-w9T38b-UpESXp,キチキギスex,SV6a,,1,Pokemon
11,,yXyyRp-w9T38b-UpESXp,ラティアスex,SV7a,,2,Pokemon
11,,yXyyRp-w9T38b-UpESXp,ニャースex,M3,,3,Pokemon
11,,yXyyRp-w9T38b-UpESXp,ハイパーボール,SVLN,,4,Trainer
11,,yXyyRp-w9T38b-UpESXp,エネルギーつけかえ,SVHM,,4,Trainer
11,,yXyyRp-w9T38b-UpESXp,スペシャルレッドカード,M4,,1,Trainer
11,,yXyyRp-w9T38b-UpESXp,ポケギア3.0,MC,,3,Trainer
11,,yXyyRp-w9T38b-UpESXp,アンフェアスタンプ(ACE SPEC),MA,,1,Trainer
11,,yXyyRp-w9T38b-UpESXp,リーリエの決心,MA,,2,Trainer
11,,yXyyRp-w9T38b-UpESXp,ボスの指令,SVLN,,3,Trainer
11,,yXyyRp-w9T38b-UpESXp,アカマツ,SV8a,,3,Trainer
11,,yXyyRp-w9T38b-UpESXp,ジャッジマン,SV9a,,2,Trainer
11,,yXyyRp-w9T38b-UpESXp,シアノ,SV8,,3,Trainer
11,,yXyyRp-w9T38b-UpESXp,暗号マニアの解読,MC,,1,Trainer
11,,yXyyRp-w9T38b-UpESXp,ゼロの大空洞,SV7,,3,Trainer
11,,yXyyRp-w9T38b-UpESXp,基本草エネルギー,ENE,,8,Energy
11,,yXyyRp-w9T38b-UpESXp,基本水エネルギー,ENE,,2,Energy
11,,yXyyRp-w9T38b-UpESXp,基本超エネルギー,ENE,,3,Energy
11,,yXyyRp-w9T38b-UpESXp,ミストエネルギー,SVN,,2,Energy
12,,2yMppX-9gJK6J-SX2RRM,Nのゾロア,SV9,,4,Pokemon
12,,2yMppX-9gJK6J-SX2RRM,Nのゾロアークex,SV9,,4,Pokemon
12,,2yMppX-9gJK6J-SX2RRM,Nのダルマッカ,SV9,,1,Pokemon
12,,2yMppX-9gJK6J-SX2RRM,Nのヒヒダルマ,SV9,,1,Pokemon
12,,2yMppX-9gJK6J-SX2RRM,Nのレシラム,SV9,,1,Pokemon
12,,2yMppX-9gJK6J-SX2RRM,Nのゼクロム,M2a,,2,Pokemon
12,,2yMppX-9gJK6J-SX2RRM,キチキギスex,SVN,,1,Pokemon
12,,2yMppX-9gJK6J-SX2RRM,モモワロウex,SV8a,,1,Pokemon
12,,2yMppX-9gJK6J-SX2RRM,マシマシラ,SV8a,,1,Pokemon
12,,2yMppX-9gJK6J-SX2RRM,スボミー,SV8a,,1,Pokemon
12,,2yMppX-9gJK6J-SX2RRM,ニャースex,M3,,1,Pokemon
12,,2yMppX-9gJK6J-SX2RRM,なかよしポフィン,SV8a,,4,Trainer
12,,2yMppX-9gJK6J-SX2RRM,ハイパーボール,SVM,,2,Trainer
12,,2yMppX-9gJK6J-SX2RRM,ポケパッド,M3,,3,Trainer
12,,2yMppX-9gJK6J-SX2RRM,Nのポイントアップ,SV9,,3,Trainer
12,,2yMppX-9gJK6J-SX2RRM,夜のタンカ,SVN,,1,Trainer
12,,2yMppX-9gJK6J-SX2RRM,ツールスクラッパー,M2a,,1,Trainer
12,,2yMppX-9gJK6J-SX2RRM,スペシャルレッドカード,M4,,1,Trainer
12,,2yMppX-9gJK6J-SX2RRM,アンフェアスタンプ(ACE SPEC),MA,,1,Trainer
12,,2yMppX-9gJK6J-SX2RRM,くさりもち,SV8a,,2,Trainer
12,,2yMppX-9gJK6J-SX2RRM,リーリエの決心,MA,,4,Trainer
12,,2yMppX-9gJK6J-SX2RRM,ボスの指令,SVM,,3,Trainer
12,,2yMppX-9gJK6J-SX2RRM,アンズの秘技,SV8a,,1,Trainer
12,,2yMppX-9gJK6J-SX2RRM,シアノ,SV8,,2,Trainer
12,,2yMppX-9gJK6J-SX2RRM,アセロラのいたずら,M2a,,1,Trainer
12,,2yMppX-9gJK6J-SX2RRM,タケシのスカウト,SV9,,1,Trainer
12,,2yMppX-9gJK6J-SX2RRM,ロケット団のラムダ,M2a,,1,Trainer
12,,2yMppX-9gJK6J-SX2RRM,Nの城,SV9,,2,Trainer
12,,2yMppX-9gJK6J-SX2RRM,ロケット団の監視塔,SV10,,1,Trainer
12,,2yMppX-9gJK6J-SX2RRM,基本悪エネルギー,ENE,,8,Energy
13,,2XpXpS-Hi9mwS-yMpUUR,タケルライコex,MC,,3,Pokemon
13,,2XpXpS-Hi9mwS-yMpUUR,オーガポン みどりのめんex,SV8a,,4,Pokemon
13,,2XpXpS-Hi9mwS-yMpUUR,メガガルーラex,M1S,,3,Pokemon
13,,2XpXpS-Hi9mwS-yMpUUR,テツノイサハex,MC,,1,Pokemon
13,,2XpXpS-Hi9mwS-yMpUUR,ラティアスex,SV7a,,2,Pokemon
13,,2XpXpS-Hi9mwS-yMpUUR,ニャースex,M3,,2,Pokemon
13,,2XpXpS-Hi9mwS-yMpUUR,ナゲツケサル,SV7a,,1,Pokemon
13,,2XpXpS-Hi9mwS-yMpUUR,キチキギスex,SV6a,,1,Pokemon
13,,2XpXpS-Hi9mwS-yMpUUR,パオジアン,M2a,,1,Pokemon
13,,2XpXpS-Hi9mwS-yMpUUR,ハイパーボール,,,4,Trainer
13,,2XpXpS-Hi9mwS-yMpUUR,エネルギーつけかえ,MA,,2,Trainer
13,,2XpXpS-Hi9mwS-yMpUUR,むしとりセット,MC,,2,Trainer
13,,2XpXpS-Hi9mwS-yMpUUR,夜のタンカ,SVN,,1,Trainer
13,,2XpXpS-Hi9mwS-yMpUUR,ガラスのラッパ,M2a,,2,Trainer
13,,2XpXpS-Hi9mwS-yMpUUR,エネルギー回収,MC,,1,Trainer
13,,2XpXpS-Hi9mwS-yMpUUR,プライムキャッチャー(ACE SPEC),MBG,,1,Trainer
13,,2XpXpS-Hi9mwS-yMpUUR,アカマツ,MC,,4,Trainer
13,,2XpXpS-Hi9mwS-yMpUUR,ボスの指令,SVOD,,2,Trainer
13,,2XpXpS-Hi9mwS-yMpUUR,リーリエの決心,,,3,Trainer
13,,2XpXpS-Hi9mwS-yMpUUR,シアノ,SV8,,1,Trainer
13,,2XpXpS-Hi9mwS-yMpUUR,ゼロの大空洞,M2a,,4,Trainer
13,,2XpXpS-Hi9mwS-yMpUUR,基本草エネルギー,ENE,,9,Energy
13,,2XpXpS-Hi9mwS-yMpUUR,基本闘エネルギー,ENE,,3,Energy
13,,2XpXpS-Hi9mwS-yMpUUR,基本雷エネルギー,ENE,,3,Energy
14,,kF1VFf-AYwYo1-bfvFVv,メガアブソルex,M1L,,2,Pokemon
14,,kF1VFf-AYwYo1-bfvFVv,メガガルーラex,M1S,,2,Pokemon
14,,kF1VFf-AYwYo1-bfvFVv,オーガポン みどりのめんex,SV6,,2,Pokemon
14,,kF1VFf-AYwYo1-bfvFVv,オーガポン いどのめんex,MC,,1,Pokemon
14,,kF1VFf-AYwYo1-bfvFVv,ラティアスex,M2a,,2,Pokemon
14,,kF1VFf-AYwYo1-bfvFVv,リーリエのピッピex,M2a,,2,Pokemon
14,,kF1VFf-AYwYo1-bfvFVv,ガチグマ アカツキex,SV5a,,1,Pokemon
14,,kF1VFf-AYwYo1-bfvFVv,ニャースex,M3,,2,Pokemon
14,,kF1VFf-AYwYo1-bfvFVv,キチキギスex,SVN,,1,Pokemon
14,,kF1VFf-AYwYo1-bfvFVv,マシマシラ,M2a,,3,Pokemon
14,,kF1VFf-AYwYo1-bfvFVv,ハイパーボール,,,4,Trainer
14,,kF1VFf-AYwYo1-bfvFVv,エネルギーつけかえ,MC,,4,Trainer
14,,kF1VFf-AYwYo1-bfvFVv,夜のタンカ,MC,,2,Trainer
14,,kF1VFf-AYwYo1-bfvFVv,アンフェアスタンプ(ACE SPEC),MC,,1,Trainer
14,,kF1VFf-AYwYo1-bfvFVv,アカマツ,MC,,3,Trainer
14,,kF1VFf-AYwYo1-bfvFVv,ボスの指令,MC,,3,Trainer
14,,kF1VFf-AYwYo1-bfvFVv,シアノ,SV8,,3,Trainer
14,,kF1VFf-AYwYo1-bfvFVv,タケシのスカウト,SV9,,2,Trainer
14,,kF1VFf-AYwYo1-bfvFVv,暗号マニアの解読,MC,,2,Trainer
14,,kF1VFf-AYwYo1-bfvFVv,リーリエの決心,,,1,Trainer
14,,kF1VFf-AYwYo1-bfvFVv,クセロシキのたくらみ,MC,,1,Trainer
14,,kF1VFf-AYwYo1-bfvFVv,ゼロの大空洞,M2a,,3,Trainer
14,,kF1VFf-AYwYo1-bfvFVv,基本草エネルギー,ENE,,4,Energy
14,,kF1VFf-AYwYo1-bfvFVv,基本悪エネルギー,ENE,,4,Energy
14,,kF1VFf-AYwYo1-bfvFVv,基本超エネルギー,ENE,,2,Energy
14,,kF1VFf-AYwYo1-bfvFVv,基本水エネルギー,ENE,,1,Energy
14,,kF1VFf-AYwYo1-bfvFVv,プリズムエネルギー,MC,,2,Energy
15,,XMXpMM-3iX0oO-XUyR2p,ロケット団のミュウツーex,SV10,,2,Pokemon
15,,XMXpMM-3iX0oO-XUyR2p,ロケット団のタマンチュラ,SV10,,4,Pokemon
15,,XMXpMM-3iX0oO-XUyR2p,ロケット団のワナイダー,SV10,,4,Pokemon
15,,XMXpMM-3iX0oO-XUyR2p,ロケット団のミミッキュ,SV10,,1,Pokemon
15,,XMXpMM-3iX0oO-XUyR2p,ロケット団のフリーザー,SV10,,2,Pokemon
15,,XMXpMM-3iX0oO-XUyR2p,ロケット団のガルーラex,,,1,Pokemon
15,,XMXpMM-3iX0oO-XUyR2p,リーリエのピッピex,SV9,,1,Pokemon
15,,XMXpMM-3iX0oO-XUyR2p,ハイパーボール,SVOD,,4,Trainer
15,,XMXpMM-3iX0oO-XUyR2p,ポケパッド,,,2,Trainer
15,,XMXpMM-3iX0oO-XUyR2p,ロケット団のレシーバー,SV10,,4,Trainer
15,,XMXpMM-3iX0oO-XUyR2p,エネルギーつけかえ,SVM,,1,Trainer
15,,XMXpMM-3iX0oO-XUyR2p,夜のタンカ,SVN,,2,Trainer
15,,XMXpMM-3iX0oO-XUyR2p,ブレイブバングル,MC,,1,Trainer
15,,XMXpMM-3iX0oO-XUyR2p,ヒーローマント(ACE SPEC),MC,,1,Trainer
15,,XMXpMM-3iX0oO-XUyR2p,ロケット団のアテナ,SV10,,3,Trainer
15,,XMXpMM-3iX0oO-XUyR2p,ロケット団のサカキ,SV10,,3,Trainer
15,,XMXpMM-3iX0oO-XUyR2p,ロケット団のランス,SV10,,3,Trainer
15,,XMXpMM-3iX0oO-XUyR2p,ロケット団のアポロ,SV10,,2,Trainer
15,,XMXpMM-3iX0oO-XUyR2p,ロケット団のラムダ,SV10,,1,Trainer
15,,XMXpMM-3iX0oO-XUyR2p,リーリエの決心,,,4,Trainer
15,,XMXpMM-3iX0oO-XUyR2p,ロケット団のファクトリー,SV10,,2,Trainer
15,,XMXpMM-3iX0oO-XUyR2p,プリズムタワー,M4,,1,Trainer
15,,XMXpMM-3iX0oO-XUyR2p,ロケット団エネルギー,SV10,,4,Energy
15,,XMXpMM-3iX0oO-XUyR2p,基本草エネルギー,ENE,,5,Energy
15,,XMXpMM-3iX0oO-XUyR2p,基本超エネルギー,ENE,,2,Energy
62,,Yx8GcD-TVKRPo-8Y48x4,カジッチュ,SV8a,,4,Pokemon
62,,Yx8GcD-TVKRPo-8Y48x4,カミッチュ,SV8a,,4,Pokemon
62,,Yx8GcD-TVKRPo-8Y48x4,サルノリ,SV8a,,4,Pokemon
62,,Yx8GcD-TVKRPo-8Y48x4,バチンキー,SV6,,3,Pokemon
62,,Yx8GcD-TVKRPo-8Y48x4,トサキント,SV8a,,1,Pokemon
62,,Yx8GcD-TVKRPo-8Y48x4,アズマオウ,SV8a,,1,Pokemon
62,,Yx8GcD-TVKRPo-8Y48x4,コダック,,,1,Pokemon
62,,Yx8GcD-TVKRPo-8Y48x4,シェイミ,MA,,1,Pokemon
62,,Yx8GcD-TVKRPo-8Y48x4,スボミー,SV8a,,1,Pokemon
62,,Yx8GcD-TVKRPo-8Y48x4,なかよしポフィン,MBD,,4,Trainer
62,,Yx8GcD-TVKRPo-8Y48x4,ポケパッド,,,4,Trainer
62,,Yx8GcD-TVKRPo-8Y48x4,むしとりセット,SVN,,3,Trainer
62,,Yx8GcD-TVKRPo-8Y48x4,ポケモンいれかえ,MBG,,1,Trainer
62,,Yx8GcD-TVKRPo-8Y48x4,ツールスクラッパー,M2a,,1,Trainer
62,,Yx8GcD-TVKRPo-8Y48x4,せいなるはい,M2a,,1,Trainer
62,,Yx8GcD-TVKRPo-8Y48x4,アンフェアスタンプ(ACE SPEC),MC,,1,Trainer
62,,Yx8GcD-TVKRPo-8Y48x4,ブレイブバングル,SV11W,,2,Trainer
62,,Yx8GcD-TVKRPo-8Y48x4,ふうせん,MC,,1,Trainer
62,,Yx8GcD-TVKRPo-8Y48x4,リーリエの決心,MBD,,4,Trainer
62,,Yx8GcD-TVKRPo-8Y48x4,ゼイユ,SVN,,1,Trainer
62,,Yx8GcD-TVKRPo-8Y48x4,ジャッジマン,SI,,2,Trainer
62,,Yx8GcD-TVKRPo-8Y48x4,スイレンのお世話,MC,,1,Trainer
62,,Yx8GcD-TVKRPo-8Y48x4,スグリ,MA,,1,Trainer
62,,Yx8GcD-TVKRPo-8Y48x4,からておうの稽古,MC,,1,Trainer
62,,Yx8GcD-TVKRPo-8Y48x4,ボスの指令,SLD,,2,Trainer
62,,Yx8GcD-TVKRPo-8Y48x4,お祭り会場,SV8a,,4,Trainer
62,,Yx8GcD-TVKRPo-8Y48x4,基本草エネルギー,SI,,6,Energy
87,,S3XEyS-lkFiy7-yRpUyy,シロナのフカマル,M2a,,4,Pokemon
87,,S3XEyS-lkFiy7-yRpUyy,シロナのガバイト,M2a,,4,Pokemon
87,,S3XEyS-lkFiy7-yRpUyy,シロナのガブリアスex,M2a,,3,Pokemon
87,,S3XEyS-lkFiy7-yRpUyy,シロナのロゼリア,M2a,,4,Pokemon
87,,S3XEyS-lkFiy7-yRpUyy,シロナのロズレイド,M2a,,4,Pokemon
87,,S3XEyS-lkFiy7-yRpUyy,シロナのミカルゲ,M2a,,1,Pokemon
87,,S3XEyS-lkFiy7-yRpUyy,コダック,,,1,Pokemon
87,,S3XEyS-lkFiy7-yRpUyy,なかよしポフィン,,,4,Trainer
87,,S3XEyS-lkFiy7-yRpUyy,ポケパッド,MC,,3,Trainer
87,,S3XEyS-lkFiy7-yRpUyy,ハイパーボール,SLL,,2,Trainer
87,,S3XEyS-lkFiy7-yRpUyy,ファイトゴング,M2a,,3,Trainer
87,,S3XEyS-lkFiy7-yRpUyy,ポケギア3.0,SGI,,2,Trainer
87,,S3XEyS-lkFiy7-yRpUyy,シロナのパワーウエイト,M2a,,3,Trainer
87,,S3XEyS-lkFiy7-yRpUyy,リーリエの決心,MBD,,4,Trainer
87,,S3XEyS-lkFiy7-yRpUyy,ジャッジマン,SV4a,,2,Trainer
87,,S3XEyS-lkFiy7-yRpUyy,アクロマの執念,SV6a,,3,Trainer
87,,S3XEyS-lkFiy7-yRpUyy,ボスの指令,SH,,3,Trainer
87,,S3XEyS-lkFiy7-yRpUyy,偉大な大樹(ACE SPEC),SV7,,1,Trainer
87,,S3XEyS-lkFiy7-yRpUyy,ミアレシティ,M3,,1,Trainer
87,,S3XEyS-lkFiy7-yRpUyy,ロック闘エネルギー,M3,,4,Energy
87,,S3XEyS-lkFiy7-yRpUyy,基本闘エネルギー,,,4,Energy
88,,G4cJaY-XD0wVC-Dc8888,ドラパルトex,SV8a,,3,Pokemon
88,,G4cJaY-XD0wVC-Dc8888,ドロンチ,SV8a,,4,Pokemon
88,,G4cJaY-XD0wVC-Dc8888,ドラメシヤ,SV8a,,4,Pokemon
88,,G4cJaY-XD0wVC-Dc8888,ヨノワール,MC,,1,Pokemon
88,,G4cJaY-XD0wVC-Dc8888,サマヨール,MC,,1,Pokemon
88,,G4cJaY-XD0wVC-Dc8888,ヨマワル,MC,,2,Pokemon
88,,G4cJaY-XD0wVC-Dc8888,スボミー,SV8a,,1,Pokemon
88,,G4cJaY-XD0wVC-Dc8888,マシマシラ,MC,,1,Pokemon
88,,G4cJaY-XD0wVC-Dc8888,キチキギスex,MA,,1,Pokemon
88,,G4cJaY-XD0wVC-Dc8888,ニャースex,M3,,2,Pokemon
88,,G4cJaY-XD0wVC-Dc8888,ホーホー,MC,,1,Pokemon
88,,G4cJaY-XD0wVC-Dc8888,ヨルノズク,MC,,1,Pokemon
88,,G4cJaY-XD0wVC-Dc8888,ふしぎなアメ,MBG,,3,Trainer
88,,G4cJaY-XD0wVC-Dc8888,なかよしポフィン,MBD,,4,Trainer
88,,G4cJaY-XD0wVC-Dc8888,ハイパーボール,MBD,,4,Trainer
88,,G4cJaY-XD0wVC-Dc8888,夜のタンカ,MBD,,2,Trainer
88,,G4cJaY-XD0wVC-Dc8888,アンフェアスタンプ(ACE SPEC),MC,,1,Trainer
88,,G4cJaY-XD0wVC-Dc8888,ポケパッド,MC,,4,Trainer
88,,G4cJaY-XD0wVC-Dc8888,スペシャルレッドカード,M4,,1,Trainer
88,,G4cJaY-XD0wVC-Dc8888,ボスの指令,MBD,,2,Trainer
88,,G4cJaY-XD0wVC-Dc8888,リーリエの決心,MBD,,4,Trainer
88,,G4cJaY-XD0wVC-Dc8888,アカマツ,MC,,2,Trainer
88,,G4cJaY-XD0wVC-Dc8888,メイのはげまし,M3,,1,Trainer
88,,G4cJaY-XD0wVC-Dc8888,ロケット団の監視塔,M2a,,1,Trainer
88,,G4cJaY-XD0wVC-Dc8888,ジャミングタワー,M2a,,1,Trainer
88,,G4cJaY-XD0wVC-Dc8888,基本超エネルギー,ENE,,3,Energy
88,,G4cJaY-XD0wVC-Dc8888,基本炎エネルギー,ENE,,3,Energy
88,,G4cJaY-XD0wVC-Dc8888,基本悪エネルギー,ENE,,2,Energy
134,,aDJ8cc-9LcE1U-88GacD,Nのゾロアークex,SV9,,4,Pokemon
134,,aDJ8cc-9LcE1U-88GacD,Nのゾロア,SV9,,4,Pokemon
134,,aDJ8cc-9LcE1U-88GacD,Nのゼクロム,M2a,,2,Pokemon
134,,aDJ8cc-9LcE1U-88GacD,Nのレシラム,SV9,,1,Pokemon
134,,aDJ8cc-9LcE1U-88GacD,Nのヒヒダルマ,MC,,1,Pokemon
134,,aDJ8cc-9LcE1U-88GacD,Nのダルマッカ,MC,,1,Pokemon
134,,aDJ8cc-9LcE1U-88GacD,マシマシラ,SV6,,1,Pokemon
134,,aDJ8cc-9LcE1U-88GacD,モモワロウex,SV6a,,1,Pokemon
134,,aDJ8cc-9LcE1U-88GacD,キチキギスex,SV6a,,1,Pokemon
134,,aDJ8cc-9LcE1U-88GacD,ニャースex,M3,,1,Pokemon
134,,aDJ8cc-9LcE1U-88GacD,メガミミロップex,M2,,1,Pokemon
134,,aDJ8cc-9LcE1U-88GacD,ミミロル,M2,,1,Pokemon
134,,aDJ8cc-9LcE1U-88GacD,なかよしポフィン,,,4,Trainer
134,,aDJ8cc-9LcE1U-88GacD,ポケパッド,MC,,3,Trainer
134,,aDJ8cc-9LcE1U-88GacD,ハイパーボール,M2a,,3,Trainer
134,,aDJ8cc-9LcE1U-88GacD,夜のタンカ,M1L,,2,Trainer
134,,aDJ8cc-9LcE1U-88GacD,Nのポイントアップ,M2a,,3,Trainer
134,,aDJ8cc-9LcE1U-88GacD,スペシャルレッドカード,M4,,2,Trainer
134,,aDJ8cc-9LcE1U-88GacD,アンフェアスタンプ(ACE SPEC),MC,,1,Trainer
134,,aDJ8cc-9LcE1U-88GacD,くさりもち,SV8a,,1,Trainer
134,,aDJ8cc-9LcE1U-88GacD,リーリエの決心,MA,,4,Trainer
134,,aDJ8cc-9LcE1U-88GacD,シアノ,SV8,,3,Trainer
134,,aDJ8cc-9LcE1U-88GacD,ボスの指令,SV1a,,3,Trainer
134,,aDJ8cc-9LcE1U-88GacD,アンズの秘技,SV8a,,1,Trainer
134,,aDJ8cc-9LcE1U-88GacD,からておうの稽古,M2a,,1,Trainer
134,,aDJ8cc-9LcE1U-88GacD,Nの城,M2a,,2,Trainer
134,,aDJ8cc-9LcE1U-88GacD,基本悪エネルギー,S12a,,8,Energy
188,,iLNHgn-q49pAE-g9gQnQ,カミッチュ,SV8a,,4,Pokemon
188,,iLNHgn-q49pAE-g9gQnQ,カジッチュ,SV8a,,4,Pokemon
188,,iLNHgn-q49pAE-g9gQnQ,バチンキー,SV8a,,4,Pokemon
188,,iLNHgn-q49pAE-g9gQnQ,サルノリ,SV8a,,4,Pokemon
188,,iLNHgn-q49pAE-g9gQnQ,アズマオウ,SV8a,,1,Pokemon
188,,iLNHgn-q49pAE-g9gQnQ,トサキント,SV8a,,1,Pokemon
188,,iLNHgn-q49pAE-g9gQnQ,ベラカス,SV8a,,1,Pokemon
188,,iLNHgn-q49pAE-g9gQnQ,シガロコ,SV8a,,1,Pokemon
188,,iLNHgn-q49pAE-g9gQnQ,コダック,M2a,,1,Pokemon
188,,iLNHgn-q49pAE-g9gQnQ,シェイミ,SV9a,,1,Pokemon
188,,iLNHgn-q49pAE-g9gQnQ,なかよしポフィン,SV6,,4,Trainer
188,,iLNHgn-q49pAE-g9gQnQ,ポケパッド,MC,,4,Trainer
188,,iLNHgn-q49pAE-g9gQnQ,むしとりセット,SV8a,,4,Trainer
188,,iLNHgn-q49pAE-g9gQnQ,夜のタンカ,SV8,,2,Trainer
188,,iLNHgn-q49pAE-g9gQnQ,スペシャルレッドカード,M4,,1,Trainer
188,,iLNHgn-q49pAE-g9gQnQ,アンフェアスタンプ(ACE SPEC),MC,,1,Trainer
188,,iLNHgn-q49pAE-g9gQnQ,ふうせん,SV11B,,1,Trainer
188,,iLNHgn-q49pAE-g9gQnQ,ブレイブバングル,,,2,Trainer
188,,iLNHgn-q49pAE-g9gQnQ,リーリエの決心,M1L,,4,Trainer
188,,iLNHgn-q49pAE-g9gQnQ,ボスの指令,SV1a,,2,Trainer
188,,iLNHgn-q49pAE-g9gQnQ,スイレンのお世話,SV5a,,1,Trainer
188,,iLNHgn-q49pAE-g9gQnQ,スグリ,SV8a,,1,Trainer
188,,iLNHgn-q49pAE-g9gQnQ,からておうの稽古,M2a,,1,Trainer
188,,iLNHgn-q49pAE-g9gQnQ,お祭り会場,SV8a,,4,Trainer
188,,iLNHgn-q49pAE-g9gQnQ,活力の森,M3,,1,Trainer
188,,iLNHgn-q49pAE-g9gQnQ,基本草エネルギー,DPtP,,5,Energy
326,,nNP9L9-Z1MNL5-ggnNnN,オーガポン みどりのめんex,SV8a,,4,Pokemon
326,,nNP9L9-Z1MNL5-ggnNnN,オリーヴァex,SV10,,2,Pokemon
326,,nNP9L9-Z1MNL5-ggnNnN,オリーニョ,SV10,,2,Pokemon
326,,nNP9L9-Z1MNL5-ggnNnN,ミニーブ,SV10,,2,Pokemon
326,,nNP9L9-Z1MNL5-ggnNnN,メガニウム,M1S,,2,Pokemon
326,,nNP9L9-Z1MNL5-ggnNnN,ベイリーフ,M1S,,2,Pokemon
326,,nNP9L9-Z1MNL5-ggnNnN,チコリータ,,,2,Pokemon
326,,nNP9L9-Z1MNL5-ggnNnN,スボミー,M2a,,1,Pokemon
326,,nNP9L9-Z1MNL5-ggnNnN,ヨルノズク,SVLS,,1,Pokemon
326,,nNP9L9-Z1MNL5-ggnNnN,ホーホー,MC,,1,Pokemon
326,,nNP9L9-Z1MNL5-ggnNnN,ニャースex,M3,,1,Pokemon
326,,nNP9L9-Z1MNL5-ggnNnN,キチキギスex,MC,,1,Pokemon
326,,nNP9L9-Z1MNL5-ggnNnN,むしとりセット,MC,,4,Trainer
326,,nNP9L9-Z1MNL5-ggnNnN,ハイパーボール,S12a,,4,Trainer
326,,nNP9L9-Z1MNL5-ggnNnN,ポケパッド,M3,,2,Trainer
326,,nNP9L9-Z1MNL5-ggnNnN,なかよしポフィン,,,1,Trainer
326,,nNP9L9-Z1MNL5-ggnNnN,夜のタンカ,,,1,Trainer
326,,nNP9L9-Z1MNL5-ggnNnN,スペシャルレッドカード,M4,,1,Trainer
326,,nNP9L9-Z1MNL5-ggnNnN,アンフェアスタンプ(ACE SPEC),MA,,1,Trainer
326,,nNP9L9-Z1MNL5-ggnNnN,リーリエの決心,,,4,Trainer
326,,nNP9L9-Z1MNL5-ggnNnN,ヒカリ,M2,,2,Trainer
326,,nNP9L9-Z1MNL5-ggnNnN,ロケット団のラムダ,MC,,1,Trainer
326,,nNP9L9-Z1MNL5-ggnNnN,スイレンのお世話,MC,,1,Trainer
326,,nNP9L9-Z1MNL5-ggnNnN,ボスの指令,S2,,2,Trainer
326,,nNP9L9-Z1MNL5-ggnNnN,活力の森,M2a,,4,Trainer
326,,nNP9L9-Z1MNL5-ggnNnN,基本草エネルギー,XYP,,11,Energy
327,,VFwdbf-c4NJdK-5wvkkF,メガガルーラex,M1S,,2,Pokemon
327,,VFwdbf-c4NJdK-5wvkkF,オーガポン みどりのめんex,SV6,,3,Pokemon
327,,VFwdbf-c4NJdK-5wvkkF,リーリエのピッピex,SV9,,2,Pokemon
327,,VFwdbf-c4NJdK-5wvkkF,オーガポン いどのめんex,SV8a,,1,Pokemon
327,,VFwdbf-c4NJdK-5wvkkF,ラティアスex,SV7a,,2,Pokemon
327,,VFwdbf-c4NJdK-5wvkkF,ニャースex,M3,,2,Pokemon
327,,VFwdbf-c4NJdK-5wvkkF,キチキギスex,SV6a,,1,Pokemon
327,,VFwdbf-c4NJdK-5wvkkF,ガチグマ アカツキex,SV8a,,1,Pokemon
327,,VFwdbf-c4NJdK-5wvkkF,テツノイサハex,SV5M,,1,Pokemon
327,,VFwdbf-c4NJdK-5wvkkF,コダック,M2a,,1,Pokemon
327,,VFwdbf-c4NJdK-5wvkkF,ナゲツケサル,MC,,1,Pokemon
327,,VFwdbf-c4NJdK-5wvkkF,ミミロル,M2,,1,Pokemon
327,,VFwdbf-c4NJdK-5wvkkF,メガミミロップex,M2,,1,Pokemon
327,,VFwdbf-c4NJdK-5wvkkF,ハイパーボール,M2a,,4,Trainer
327,,VFwdbf-c4NJdK-5wvkkF,エネルギーつけかえ,S11a,,4,Trainer
327,,VFwdbf-c4NJdK-5wvkkF,ポケギア3.0,SM11,,4,Trainer
327,,VFwdbf-c4NJdK-5wvkkF,夜のタンカ,M1L,,1,Trainer
327,,VFwdbf-c4NJdK-5wvkkF,アンフェアスタンプ(ACE SPEC),MA,,1,Trainer
327,,VFwdbf-c4NJdK-5wvkkF,シアノ,SV8,,3,Trainer
327,,VFwdbf-c4NJdK-5wvkkF,タケシのスカウト,SV9,,1,Trainer
327,,VFwdbf-c4NJdK-5wvkkF,ボスの指令,S12a,,2,Trainer
327,,VFwdbf-c4NJdK-5wvkkF,アカマツ,MC,,3,Trainer
327,,VFwdbf-c4NJdK-5wvkkF,暗号マニアの解読,MC,,1,Trainer
327,,VFwdbf-c4NJdK-5wvkkF,ゼロの大空洞,SV7,,3,Trainer
327,,VFwdbf-c4NJdK-5wvkkF,基本草エネルギー,SA,,7,Energy
327,,VFwdbf-c4NJdK-5wvkkF,基本超エネルギー,ENE,,3,Energy
327,,VFwdbf-c4NJdK-5wvkkF,基本水エネルギー,ENE,,1,Energy
327,,VFwdbf-c4NJdK-5wvkkF,基本闘エネルギー,ENE,,1,Energy
327,,VFwdbf-c4NJdK-5wvkkF,ミストエネルギー,SVN,,2,Energy
327,,UUpXyp-UQN1iZ-2UXRpy,メガガルーラex,M1S,,2,Pokemon
327,,UUpXyp-UQN1iZ-2UXRpy,オーガポン みどりのめんex,SV6,,3,Pokemon
327,,UUpXyp-UQN1iZ-2UXRpy,リーリエのピッピex,SV9,,2,Pokemon
327,,UUpXyp-UQN1iZ-2UXRpy,オーガポン いどのめんex,SV8a,,2,Pokemon
327,,UUpXyp-UQN1iZ-2UXRpy,ラティアスex,SV7a,,2,Pokemon
327,,UUpXyp-UQN1iZ-2UXRpy,ニャースex,M3,,2,Pokemon
327,,UUpXyp-UQN1iZ-2UXRpy,キチキギスex,SV6a,,1,Pokemon
327,,UUpXyp-UQN1iZ-2UXRpy,ガチグマ アカツキex,SV8a,,1,Pokemon
327,,UUpXyp-UQN1iZ-2UXRpy,テツノイサハex,SV5M,,1,Pokemon
327,,UUpXyp-UQN1iZ-2UXRpy,コダック,M2a,,1,Pokemon
327,,UUpXyp-UQN1iZ-2UXRpy,ハイパーボール,M2a,,4,Trainer
327,,UUpXyp-UQN1iZ-2UXRpy,エネルギーつけかえ,S11a,,4,Trainer
327,,UUpXyp-UQN1iZ-2UXRpy,ポケギア3.0,SM11,,4,Trainer
327,,UUpXyp-UQN1iZ-2UXRpy,夜のタンカ,M1L,,1,Trainer
327,,UUpXyp-UQN1iZ-2UXRpy,アンフェアスタンプ(ACE SPEC),MA,,1,Trainer
327,,UUpXyp-UQN1iZ-2UXRpy,シアノ,SV8,,4,Trainer
327,,UUpXyp-UQN1iZ-2UXRpy,アカマツ,MC,,4,Trainer
327,,UUpXyp-UQN1iZ-2UXRpy,ボスの指令,S12a,,2,Trainer
327,,UUpXyp-UQN1iZ-2UXRpy,暗号マニアの解読,MC,,1,Trainer
327,,UUpXyp-UQN1iZ-2UXRpy,ゼロの大空洞,SV7,,3,Trainer
327,,UUpXyp-UQN1iZ-2UXRpy,基本草エネルギー,SA,,8,Energy
327,,UUpXyp-UQN1iZ-2UXRpy,基本超エネルギー,ENE,,3,Energy
327,,UUpXyp-UQN1iZ-2UXRpy,基本水エネルギー,ENE,,2,Energy
327,,UUpXyp-UQN1iZ-2UXRpy,ミストエネルギー,SVN,,2,Energy
330,,kv1VbF-4ODMAd-FFfk1F,フーディン,M1S,,3,Pokemon
330,,kv1VbF-4ODMAd-FFfk1F,フーディン,SV8a,,1,Pokemon
330,,kv1VbF-4ODMAd-FFfk1F,ユンゲラー,M1S,,4,Pokemon
330,,kv1VbF-4ODMAd-FFfk1F,ケーシィ,M1S,,4,Pokemon
330,,kv1VbF-4ODMAd-FFfk1F,ノココッチ,,,3,Pokemon
330,,kv1VbF-4ODMAd-FFfk1F,ノコッチ,MC,,3,Pokemon
330,,kv1VbF-4ODMAd-FFfk1F,シェイミ,,,1,Pokemon
330,,kv1VbF-4ODMAd-FFfk1F,コダック,M2a,,1,Pokemon
330,,kv1VbF-4ODMAd-FFfk1F,ゲノセクト,SV6a,,1,Pokemon
330,,kv1VbF-4ODMAd-FFfk1F,キチキギスex,M2a,,1,Pokemon
330,,kv1VbF-4ODMAd-FFfk1F,なかよしポフィン,M1S,,4,Trainer
330,,kv1VbF-4ODMAd-FFfk1F,ポケパッド,MC,,4,Trainer
330,,kv1VbF-4ODMAd-FFfk1F,ふしぎなアメ,M1S,,3,Trainer
330,,kv1VbF-4ODMAd-FFfk1F,せいなるはい,M3,,2,Trainer
330,,kv1VbF-4ODMAd-FFfk1F,スペシャルレッドカード,M4,,1,Trainer
330,,kv1VbF-4ODMAd-FFfk1F,ラッキーメット,SV5a,,2,Trainer
330,,kv1VbF-4ODMAd-FFfk1F,ヒカリ,M2,,4,Trainer
330,,kv1VbF-4ODMAd-FFfk1F,トウコ,SV11W,,4,Trainer
330,,kv1VbF-4ODMAd-FFfk1F,ボスの指令,MC,,3,Trainer
330,,kv1VbF-4ODMAd-FFfk1F,バトルコロシアム,M2,,4,Trainer
330,,kv1VbF-4ODMAd-FFfk1F,基本超エネルギー,,,2,Energy
330,,kv1VbF-4ODMAd-FFfk1F,テレパス超エネルギー,M3,,4,Energy
330,,kv1VbF-4ODMAd-FFfk1F,リッチエネルギー,SV7a,,1,Energy
343,,NLPn9n-RzSNrk-N6LQng,オーガポン みどりのめんex,MC,,4,Pokemon
343,,NLPn9n-RzSNrk-N6LQng,オーガポン いどのめんex,MC,,2,Pokemon
343,,NLPn9n-RzSNrk-N6LQng,リーリエのピッピex,MC,,2,Pokemon
343,,NLPn9n-RzSNrk-N6LQng,ラティアスex,MC,,2,Pokemon
343,,NLPn9n-RzSNrk-N6LQng,メガガルーラex,M1S,,2,Pokemon
343,,NLPn9n-RzSNrk-N6LQng,キチキギスex,MC,,1,Pokemon
343,,NLPn9n-RzSNrk-N6LQng,ニャースex,M3,,2,Pokemon
343,,NLPn9n-RzSNrk-N6LQng,パオジアン,SV8,,1,Pokemon
343,,NLPn9n-RzSNrk-N6LQng,ホウオウ,SVLS,,1,Pokemon
343,,NLPn9n-RzSNrk-N6LQng,ナゲツケサル,MC,,1,Pokemon
343,,NLPn9n-RzSNrk-N6LQng,ハイパーボール,SI,,4,Trainer
343,,NLPn9n-RzSNrk-N6LQng,エネルギーつけかえ,S11a,,4,Trainer
343,,NLPn9n-RzSNrk-N6LQng,ダークボール,SV7a,,3,Trainer
343,,NLPn9n-RzSNrk-N6LQng,夜のタンカ,,,1,Trainer
343,,NLPn9n-RzSNrk-N6LQng,アンフェアスタンプ(ACE SPEC),MC,,1,Trainer
343,,NLPn9n-RzSNrk-N6LQng,シアノ,SV8,,2,Trainer
343,,NLPn9n-RzSNrk-N6LQng,ボスの指令,,,2,Trainer
343,,NLPn9n-RzSNrk-N6LQng,暗号マニアの解読,SV8a,,1,Trainer
343,,NLPn9n-RzSNrk-N6LQng,Nの筋書き,SV11B,,2,Trainer
343,,NLPn9n-RzSNrk-N6LQng,リーリエの決心,,,2,Trainer
343,,NLPn9n-RzSNrk-N6LQng,ゼロの大空洞,SV7,,3,Trainer
343,,NLPn9n-RzSNrk-N6LQng,プリズムエネルギー,SV11B,,4,Energy
343,,NLPn9n-RzSNrk-N6LQng,基本超エネルギー,MC,,1,Energy
343,,NLPn9n-RzSNrk-N6LQng,基本草エネルギー,ENE,,12,Energy
392,,1bff51-edfSAf-kkVwFk,イイネイヌ,SV6,,3,Pokemon
392,,1bff51-edfSAf-kkVwFk,ソルロック,MC,,3,Pokemon
392,,1bff51-edfSAf-kkVwFk,ルナトーン,MC,,2,Pokemon
392,,1bff51-edfSAf-kkVwFk,ガメノデス,M3,,2,Pokemon
392,,1bff51-edfSAf-kkVwFk,カメテテ,M3,,2,Pokemon
392,,1bff51-edfSAf-kkVwFk,ガチグマ アカツキ,MC,,1,Pokemon
392,,1bff51-edfSAf-kkVwFk,ゲノセクト,SV6a,,1,Pokemon
392,,1bff51-edfSAf-kkVwFk,ファイヤー,M2,,1,Pokemon
392,,1bff51-edfSAf-kkVwFk,ミネズミ,M4,,1,Pokemon
392,,1bff51-edfSAf-kkVwFk,ファイトゴング,MC,,4,Trainer
392,,1bff51-edfSAf-kkVwFk,夜のタンカ,MC,,2,Trainer
392,,1bff51-edfSAf-kkVwFk,ポケパッド,M3,,4,Trainer
392,,1bff51-edfSAf-kkVwFk,ふうせん,,,2,Trainer
392,,1bff51-edfSAf-kkVwFk,ブレイブバングル,MC,,2,Trainer
392,,1bff51-edfSAf-kkVwFk,ボスの指令,S2,,4,Trainer
392,,1bff51-edfSAf-kkVwFk,タケシのスカウト,SV9,,2,Trainer
392,,1bff51-edfSAf-kkVwFk,リーリエの決心,MBD,,4,Trainer
392,,1bff51-edfSAf-kkVwFk,マツバの確信,MC,,1,Trainer
392,,1bff51-edfSAf-kkVwFk,タラゴン,M3,,2,Trainer
392,,1bff51-edfSAf-kkVwFk,バトルコロシアム,M2,,2,Trainer
392,,1bff51-edfSAf-kkVwFk,基本闘エネルギー,SMP,,10,Energy
392,,1bff51-edfSAf-kkVwFk,プリズムエネルギー,SV11B,,4,Energy
392,,1bff51-edfSAf-kkVwFk,レガシーエネルギー,MC,,1,Energy
585,,ypMSUE-KUYpu0-XMyRRS,オーガポン みどりのめんex,SV8a,,4,Pokemon
585,,ypMSUE-KUYpu0-XMyRRS,オリーヴァex,SV10,,2,Pokemon
585,,ypMSUE-KUYpu0-XMyRRS,オリーニョ,SV10,,2,Pokemon
585,,ypMSUE-KUYpu0-XMyRRS,ミニーブ,SV10,,2,Pokemon
585,,ypMSUE-KUYpu0-XMyRRS,メガニウム,M1S,,2,Pokemon
585,,ypMSUE-KUYpu0-XMyRRS,ベイリーフ,M1S,,2,Pokemon
585,,ypMSUE-KUYpu0-XMyRRS,チコリータ,,,2,Pokemon
585,,ypMSUE-KUYpu0-XMyRRS,スボミー,M2a,,1,Pokemon
585,,ypMSUE-KUYpu0-XMyRRS,キチキギスex,M2a,,1,Pokemon
585,,ypMSUE-KUYpu0-XMyRRS,ニャースex,M3,,2,Pokemon
585,,ypMSUE-KUYpu0-XMyRRS,アンフェアスタンプ(ACE SPEC),SV5a,,1,Trainer
585,,ypMSUE-KUYpu0-XMyRRS,むしとりセット,MC,,4,Trainer
585,,ypMSUE-KUYpu0-XMyRRS,夜のタンカ,MC,,1,Trainer
585,,ypMSUE-KUYpu0-XMyRRS,ハイパーボール,,,4,Trainer
585,,ypMSUE-KUYpu0-XMyRRS,ポケパッド,M3,,2,Trainer
585,,ypMSUE-KUYpu0-XMyRRS,ふうせん,SV11B,,1,Trainer
585,,ypMSUE-KUYpu0-XMyRRS,ボスの指令,S4a,,3,Trainer
585,,ypMSUE-KUYpu0-XMyRRS,Nの筋書き,SV11B,,1,Trainer
585,,ypMSUE-KUYpu0-XMyRRS,ヒカリ,M2,,2,Trainer
585,,ypMSUE-KUYpu0-XMyRRS,スイレンのお世話,MC,,1,Trainer
585,,ypMSUE-KUYpu0-XMyRRS,リーリエの決心,,,4,Trainer
585,,ypMSUE-KUYpu0-XMyRRS,活力の森,M2a,,4,Trainer
585,,ypMSUE-KUYpu0-XMyRRS,基本草エネルギー,ENE,,12,Energy
642,,innQnn-GYWPUe-NN9gi9,ドラメシヤ,M2a,,4,Pokemon
642,,innQnn-GYWPUe-NN9gi9,ドロンチ,M2a,,3,Pokemon
642,,innQnn-GYWPUe-NN9gi9,ドラパルトex,SV6,,2,Pokemon
642,,innQnn-GYWPUe-NN9gi9,アチャモ,SV10,,2,Pokemon
642,,innQnn-GYWPUe-NN9gi9,ワカシャモ,SV10,,1,Pokemon
642,,innQnn-GYWPUe-NN9gi9,バシャーモex,SVM,,2,Pokemon
642,,innQnn-GYWPUe-NN9gi9,キチキギスex,M2a,,1,Pokemon
642,,innQnn-GYWPUe-NN9gi9,ニャースex,M3,,1,Pokemon
642,,innQnn-GYWPUe-NN9gi9,リーリエのピッピex,SV9,,1,Pokemon
642,,innQnn-GYWPUe-NN9gi9,マシマシラ,SV6,,2,Pokemon
642,,innQnn-GYWPUe-NN9gi9,シェイミ,SV9a,,1,Pokemon
642,,innQnn-GYWPUe-NN9gi9,スボミー,M2a,,1,Pokemon
642,,innQnn-GYWPUe-NN9gi9,ホウオウ,SVLS,,1,Pokemon
642,,innQnn-GYWPUe-NN9gi9,なかよしポフィン,SV6,,4,Trainer
642,,innQnn-GYWPUe-NN9gi9,ハイパーボール,S9,,4,Trainer
642,,innQnn-GYWPUe-NN9gi9,ポケパッド,M3,,3,Trainer
642,,innQnn-GYWPUe-NN9gi9,ふしぎなアメ,SV1V,,3,Trainer
642,,innQnn-GYWPUe-NN9gi9,夜のタンカ,SV8,,2,Trainer
642,,innQnn-GYWPUe-NN9gi9,アンフェアスタンプ(ACE SPEC),MC,,1,Trainer
642,,innQnn-GYWPUe-NN9gi9,スペシャルレッドカード,M4,,1,Trainer
642,,innQnn-GYWPUe-NN9gi9,リーリエの決心,M1L,,4,Trainer
642,,innQnn-GYWPUe-NN9gi9,ボスの指令,SV1a,,3,Trainer
642,,innQnn-GYWPUe-NN9gi9,ヒカリ,M2,,2,Trainer
642,,innQnn-GYWPUe-NN9gi9,アカマツ,SV7,,1,Trainer
642,,innQnn-GYWPUe-NN9gi9,ジャミングタワー,M2a,,1,Trainer
642,,innQnn-GYWPUe-NN9gi9,ロケット団の監視塔,M2a,,1,Trainer
642,,innQnn-GYWPUe-NN9gi9,基本超エネルギー,SV2a,,3,Energy
642,,innQnn-GYWPUe-NN9gi9,基本炎エネルギー,SV3,,3,Energy
642,,innQnn-GYWPUe-NN9gi9,基本悪エネルギー,SV4K,,2,Energy
642,,D88D48-qPMNEL-ccGYac,ドラメシヤ,M2a,,4,Pokemon
642,,D88D48-qPMNEL-ccGYac,ドロンチ,M2a,,4,Pokemon
642,,D88D48-qPMNEL-ccGYac,ドラパルトex,SV6,,2,Pokemon
642,,D88D48-qPMNEL-ccGYac,アチャモ,SV10,,2,Pokemon
642,,D88D48-qPMNEL-ccGYac,ワカシャモ,SV10,,1,Pokemon
642,,D88D48-qPMNEL-ccGYac,バシャーモex,SVM,,2,Pokemon
642,,D88D48-qPMNEL-ccGYac,キチキギスex,M2a,,1,Pokemon
642,,D88D48-qPMNEL-ccGYac,ニャースex,M3,,1,Pokemon
642,,D88D48-qPMNEL-ccGYac,リーリエのピッピex,SV9,,1,Pokemon
642,,D88D48-qPMNEL-ccGYac,マシマシラ,SV6,,2,Pokemon
642,,D88D48-qPMNEL-ccGYac,スボミー,M2a,,2,Pokemon
642,,D88D48-qPMNEL-ccGYac,シェイミ,SV9a,,1,Pokemon
642,,D88D48-qPMNEL-ccGYac,なかよしポフィン,SV6,,4,Trainer
642,,D88D48-qPMNEL-ccGYac,ハイパーボール,S9,,4,Trainer
642,,D88D48-qPMNEL-ccGYac,ポケパッド,M3,,3,Trainer
642,,D88D48-qPMNEL-ccGYac,ふしぎなアメ,SV1V,,3,Trainer
642,,D88D48-qPMNEL-ccGYac,夜のタンカ,SV8,,1,Trainer
642,,D88D48-qPMNEL-ccGYac,アンフェアスタンプ(ACE SPEC),MC,,1,Trainer
642,,D88D48-qPMNEL-ccGYac,スペシャルレッドカード,M4,,1,Trainer
642,,D88D48-qPMNEL-ccGYac,リーリエの決心,M1L,,4,Trainer
642,,D88D48-qPMNEL-ccGYac,ボスの指令,SV1a,,3,Trainer
642,,D88D48-qPMNEL-ccGYac,ヒカリ,M2,,2,Trainer
642,,D88D48-qPMNEL-ccGYac,アカマツ,SV7,,1,Trainer
642,,D88D48-qPMNEL-ccGYac,ロケット団の監視塔,M2a,,1,Trainer
642,,D88D48-qPMNEL-ccGYac,危ない廃墟,M1L,,1,Trainer
642,,D88D48-qPMNEL-ccGYac,基本超エネルギー,SV2a,,3,Energy
642,,D88D48-qPMNEL-ccGYac,基本炎エネルギー,SV3,,3,Energy
642,,D88D48-qPMNEL-ccGYac,基本悪エネルギー,SV4K,,2,Energy
886,,N9inNL-SpDav8-QLingn,ドラメシヤ,MC,,4,Pokemon
886,,N9inNL-SpDav8-QLingn,ドロンチ,MC,,4,Pokemon
886,,N9inNL-SpDav8-QLingn,ドラパルトex,M2a,,3,Pokemon
886,,N9inNL-SpDav8-QLingn,スボミー,M2a,,2,Pokemon
886,,N9inNL-SpDav8-QLingn,マシマシラ,MC,,2,Pokemon
886,,N9inNL-SpDav8-QLingn,ヨマワル,MC,,1,Pokemon
886,,N9inNL-SpDav8-QLingn,ヨノワール,MC,,1,Pokemon
886,,N9inNL-SpDav8-QLingn,キチキギスex,MC,,1,Pokemon
886,,N9inNL-SpDav8-QLingn,ラティアスex,MC,,1,Pokemon
886,,N9inNL-SpDav8-QLingn,ニャースex,M3,,2,Pokemon
886,,N9inNL-SpDav8-QLingn,なかよしポフィン,MA,,4,Trainer
886,,N9inNL-SpDav8-QLingn,ふしぎなアメ,MA,,2,Trainer
886,,N9inNL-SpDav8-QLingn,夜のタンカ,MA,,2,Trainer
886,,N9inNL-SpDav8-QLingn,アンフェアスタンプ(ACE SPEC),MC,,1,Trainer
886,,N9inNL-SpDav8-QLingn,ハイパーボール,,,4,Trainer
886,,N9inNL-SpDav8-QLingn,ポケパッド,M3,,3,Trainer
886,,N9inNL-SpDav8-QLingn,スペシャルレッドカード,M4,,2,Trainer
886,,N9inNL-SpDav8-QLingn,タケシのスカウト,SV9,,2,Trainer
886,,N9inNL-SpDav8-QLingn,ボスの指令,SVOM,,2,Trainer
886,,N9inNL-SpDav8-QLingn,リーリエの決心,MA,,4,Trainer
886,,N9inNL-SpDav8-QLingn,アカマツ,MC,,2,Trainer
886,,N9inNL-SpDav8-QLingn,ジャミングタワー,SVN,,1,Trainer
886,,N9inNL-SpDav8-QLingn,ロケット団の監視塔,M2a,,1,Trainer
886,,N9inNL-SpDav8-QLingn,危ない廃墟,M1L,,1,Trainer
886,,N9inNL-SpDav8-QLingn,基本炎エネルギー,ENE,,3,Energy
886,,N9inNL-SpDav8-QLingn,基本超エネルギー,ENE,,3,Energy
886,,N9inNL-SpDav8-QLingn,基本悪エネルギー,ENE,,2,Energy
886,,ppyMyE-qvTuUa-yyMRXp,ドラメシヤ,MC,,4,Pokemon
886,,ppyMyE-qvTuUa-yyMRXp,ドロンチ,MC,,4,Pokemon
886,,ppyMyE-qvTuUa-yyMRXp,ドラパルトex,M2a,,3,Pokemon
886,,ppyMyE-qvTuUa-yyMRXp,スボミー,M2a,,2,Pokemon
886,,ppyMyE-qvTuUa-yyMRXp,シェイミ,M2a,,1,Pokemon
886,,ppyMyE-qvTuUa-yyMRXp,マシマシラ,MC,,2,Pokemon
886,,ppyMyE-qvTuUa-yyMRXp,ヨマワル,MC,,1,Pokemon
886,,ppyMyE-qvTuUa-yyMRXp,ヨノワール,MC,,1,Pokemon
886,,ppyMyE-qvTuUa-yyMRXp,キチキギスex,MC,,1,Pokemon
886,,ppyMyE-qvTuUa-yyMRXp,ラティアスex,MC,,1,Pokemon
886,,ppyMyE-qvTuUa-yyMRXp,ニャースex,M3,,1,Pokemon
886,,ppyMyE-qvTuUa-yyMRXp,なかよしポフィン,MA,,4,Trainer
886,,ppyMyE-qvTuUa-yyMRXp,ふしぎなアメ,MA,,2,Trainer
886,,ppyMyE-qvTuUa-yyMRXp,夜のタンカ,MA,,2,Trainer
886,,ppyMyE-qvTuUa-yyMRXp,アンフェアスタンプ(ACE SPEC),MC,,1,Trainer
886,,ppyMyE-qvTuUa-yyMRXp,ハイパーボール,,,4,Trainer
886,,ppyMyE-qvTuUa-yyMRXp,ポケパッド,M3,,3,Trainer
886,,ppyMyE-qvTuUa-yyMRXp,スペシャルレッドカード,M4,,2,Trainer
886,,ppyMyE-qvTuUa-yyMRXp,タケシのスカウト,SV9,,2,Trainer
886,,ppyMyE-qvTuUa-yyMRXp,ボスの指令,SVOM,,2,Trainer
886,,ppyMyE-qvTuUa-yyMRXp,リーリエの決心,MA,,4,Trainer
886,,ppyMyE-qvTuUa-yyMRXp,アカマツ,MC,,2,Trainer
886,,ppyMyE-qvTuUa-yyMRXp,ジャミングタワー,SVN,,1,Trainer
886,,ppyMyE-qvTuUa-yyMRXp,ロケット団の監視塔,M2a,,1,Trainer
886,,ppyMyE-qvTuUa-yyMRXp,危ない廃墟,M1L,,1,Trainer
886,,ppyMyE-qvTuUa-yyMRXp,基本炎エネルギー,ENE,,3,Energy
886,,ppyMyE-qvTuUa-yyMRXp,基本超エネルギー,ENE,,3,Energy
886,,ppyMyE-qvTuUa-yyMRXp,基本悪エネルギー,ENE,,2,Energy
898,,X3yXyX-nHWGPB-2ypRXU,メガゲッコウガex,M4,,2,Pokemon
898,,X3yXyX-nHWGPB-2ypRXU,ゲッコウガex,SV5a,,2,Pokemon
898,,X3yXyX-nHWGPB-2ypRXU,ゲコガシラ,M4,,3,Pokemon
898,,X3yXyX-nHWGPB-2ypRXU,ケロマツ,M4,,4,Pokemon
898,,X3yXyX-nHWGPB-2ypRXU,メガカイリューex,M2a,,1,Pokemon
898,,X3yXyX-nHWGPB-2ypRXU,ハクリュー,M2a,,2,Pokemon
898,,X3yXyX-nHWGPB-2ypRXU,ミニリュウ,M2a,,2,Pokemon
898,,X3yXyX-nHWGPB-2ypRXU,ノココッチex,SV9,,1,Pokemon
898,,X3yXyX-nHWGPB-2ypRXU,ノココッチ,SV8a,,1,Pokemon
898,,X3yXyX-nHWGPB-2ypRXU,ノコッチ,SV9,,1,Pokemon
898,,X3yXyX-nHWGPB-2ypRXU,ニャースex,M3,,1,Pokemon
898,,X3yXyX-nHWGPB-2ypRXU,キチキギスex,SV8a,,1,Pokemon
898,,X3yXyX-nHWGPB-2ypRXU,ポケパッド,M3,,4,Trainer
898,,X3yXyX-nHWGPB-2ypRXU,なかよしポフィン,SV5K,,3,Trainer
898,,X3yXyX-nHWGPB-2ypRXU,ハイパーボール,SI,,3,Trainer
898,,X3yXyX-nHWGPB-2ypRXU,ふしぎなアメ,S10b,,2,Trainer
898,,X3yXyX-nHWGPB-2ypRXU,夜のタンカ,SV8a,,1,Trainer
898,,X3yXyX-nHWGPB-2ypRXU,スペシャルレッドカード,M4,,1,Trainer
898,,X3yXyX-nHWGPB-2ypRXU,ふうせん,S4a,,1,Trainer
898,,X3yXyX-nHWGPB-2ypRXU,リーリエの決心,M1L,,4,Trainer
898,,X3yXyX-nHWGPB-2ypRXU,トウコ,SV11W,,3,Trainer
898,,X3yXyX-nHWGPB-2ypRXU,ボスの指令,SF,,2,Trainer
898,,X3yXyX-nHWGPB-2ypRXU,ヒカリ,M2,,1,Trainer
898,,X3yXyX-nHWGPB-2ypRXU,プリズムタワー,M4,,2,Trainer
898,,X3yXyX-nHWGPB-2ypRXU,基本水エネルギー,S10b,,9,Energy
898,,X3yXyX-nHWGPB-2ypRXU,イグニッションエネルギー,M2,,2,Energy
898,,X3yXyX-nHWGPB-2ypRXU,ネオアッパーエネルギー,SV5K,,1,Energy
898,,a8DcxD-mJ6W86-KGcJ8c,メガゲッコウガex,M4,,2,Pokemon
898,,a8DcxD-mJ6W86-KGcJ8c,ゲッコウガex,SV5a,,2,Pokemon
898,,a8DcxD-mJ6W86-KGcJ8c,ゲコガシラ,M4,,3,Pokemon
898,,a8DcxD-mJ6W86-KGcJ8c,ケロマツ,M4,,4,Pokemon
898,,a8DcxD-mJ6W86-KGcJ8c,メガカイリューex,M2a,,1,Pokemon
898,,a8DcxD-mJ6W86-KGcJ8c,ハクリュー,M2a,,2,Pokemon
898,,a8DcxD-mJ6W86-KGcJ8c,ミニリュウ,M2a,,2,Pokemon
898,,a8DcxD-mJ6W86-KGcJ8c,ノココッチ,SV8a,,1,Pokemon
898,,a8DcxD-mJ6W86-KGcJ8c,ノコッチ,SV9,,1,Pokemon
898,,a8DcxD-mJ6W86-KGcJ8c,キチキギスex,SV8a,,1,Pokemon
898,,a8DcxD-mJ6W86-KGcJ8c,ニャースex,M3,,1,Pokemon
898,,a8DcxD-mJ6W86-KGcJ8c,ポケパッド,M3,,4,Trainer
898,,a8DcxD-mJ6W86-KGcJ8c,ハイパーボール,SI,,3,Trainer
898,,a8DcxD-mJ6W86-KGcJ8c,なかよしポフィン,SV5K,,3,Trainer
898,,a8DcxD-mJ6W86-KGcJ8c,ふしぎなアメ,S10b,,2,Trainer
898,,a8DcxD-mJ6W86-KGcJ8c,夜のタンカ,SV8a,,1,Trainer
898,,a8DcxD-mJ6W86-KGcJ8c,スペシャルレッドカード,M4,,1,Trainer
898,,a8DcxD-mJ6W86-KGcJ8c,ふうせん,S4a,,2,Trainer
898,,a8DcxD-mJ6W86-KGcJ8c,リーリエの決心,M1L,,4,Trainer
898,,a8DcxD-mJ6W86-KGcJ8c,トウコ,SV11W,,3,Trainer
898,,a8DcxD-mJ6W86-KGcJ8c,ボスの指令,SF,,2,Trainer
898,,a8DcxD-mJ6W86-KGcJ8c,ヒカリ,M2,,1,Trainer
898,,a8DcxD-mJ6W86-KGcJ8c,なみのりビーチ,M1S,,1,Trainer
898,,a8DcxD-mJ6W86-KGcJ8c,プリズムタワー,M4,,1,Trainer
898,,a8DcxD-mJ6W86-KGcJ8c,基本水エネルギー,S10b,,9,Energy
898,,a8DcxD-mJ6W86-KGcJ8c,イグニッションエネルギー,M2,,2,Energy
898,,a8DcxD-mJ6W86-KGcJ8c,ネオアッパーエネルギー,SV5K,,1,Energy
904,,pXpSMX-40RFvd-yXyUyR,ケーシィ,M1S,,4,Pokemon
904,,pXpSMX-40RFvd-yXyUyR,ユンゲラー,M1S,,4,Pokemon
904,,pXpSMX-40RFvd-yXyUyR,フーディン,SV8a,,1,Pokemon
904,,pXpSMX-40RFvd-yXyUyR,フーディン,M1S,,3,Pokemon
904,,pXpSMX-40RFvd-yXyUyR,ノコッチ,MC,,3,Pokemon
904,,pXpSMX-40RFvd-yXyUyR,ノココッチ,SV8a,,3,Pokemon
904,,pXpSMX-40RFvd-yXyUyR,キチキギスex,SV6a,,1,Pokemon
904,,pXpSMX-40RFvd-yXyUyR,コダック,M2a,,1,Pokemon
904,,pXpSMX-40RFvd-yXyUyR,シェイミ,SV9a,,1,Pokemon
904,,pXpSMX-40RFvd-yXyUyR,パオジアン,M2a,,1,Pokemon
904,,pXpSMX-40RFvd-yXyUyR,なかよしポフィン,M1S,,4,Trainer
904,,pXpSMX-40RFvd-yXyUyR,ポケパッド,M3,,4,Trainer
904,,pXpSMX-40RFvd-yXyUyR,ふしぎなアメ,M1S,,3,Trainer
904,,pXpSMX-40RFvd-yXyUyR,せいなるはい,M3,,2,Trainer
904,,pXpSMX-40RFvd-yXyUyR,改造ハンマー,SV6,,1,Trainer
904,,pXpSMX-40RFvd-yXyUyR,ワンダーパッチ,M3,,1,Trainer
904,,pXpSMX-40RFvd-yXyUyR,スペシャルレッドカード,M4,,1,Trainer
904,,pXpSMX-40RFvd-yXyUyR,ヒカリ,M2,,4,Trainer
904,,pXpSMX-40RFvd-yXyUyR,トウコ,SV11W,,4,Trainer
904,,pXpSMX-40RFvd-yXyUyR,ボスの指令,S4a,,3,Trainer
904,,pXpSMX-40RFvd-yXyUyR,スイレンのお世話,SV5a,,1,Trainer
904,,pXpSMX-40RFvd-yXyUyR,マツバの確信,SV5K,,1,Trainer
904,,pXpSMX-40RFvd-yXyUyR,バトルコロシアム,M2,,3,Trainer
904,,pXpSMX-40RFvd-yXyUyR,テレパス超エネルギー,M3,,4,Energy
904,,pXpSMX-40RFvd-yXyUyR,基本超エネルギー,S12a,,1,Energy
904,,pXpSMX-40RFvd-yXyUyR,リッチエネルギー,SV7a,,1,Energy
